{
    "Folder.467ac6ea-1e09-13e4-2891-934973ae69db": {
        "widgets": [
            {
                "configutation": {
                    "checkStatus": false,
                    "icon": "fluent:code-24-filled",
                    "openInNewTab": true,
                    "title": "阿里云",
                    "url": "https://account.aliyun.com/"
                },
                "height": 1,
                "instanceId": "c658c742-68ee-eb89-935c-1210caf530d6",
                "pluginId": "bookmark-plugin",
                "widgetId": "bookmark",
                "width": 2,
                "x": 2,
                "y": 0
            },
            {
                "configutation": {
                    "checkStatus": false,
                    "icon": "fluent:code-24-filled",
                    "openInNewTab": true,
                    "title": "腾讯云",
                    "url": "https://cloud.tencent.com/login?s_url=https%3A%2F%2Fconsole.cloud.tencent.com%2F"
                },
                "height": 1,
                "instanceId": "f2ea760e-9307-1710-1874-4d5eb7c5c568",
                "pluginId": "bookmark-plugin",
                "widgetId": "bookmark",
                "width": 2,
                "x": 6,
                "y": 0
            },
            {
                "configutation": {
                    "checkStatus": false,
                    "icon": "fluent:code-24-filled",
                    "openInNewTab": true,
                    "title": "算力云",
                    "url": "https://www.autodl.com/login"
                },
                "height": 1,
                "instanceId": "f3641e46-7171-6ea6-c9b6-c58bff65e2ea",
                "pluginId": "bookmark-plugin",
                "widgetId": "bookmark",
                "width": 2,
                "x": 2,
                "y": 1
            },
            {
                "configutation": {
                    "checkStatus": false,
                    "icon": "fluent:code-24-filled",
                    "openInNewTab": true,
                    "title": "本地服务",
                    "url": "1"
                },
                "height": 1,
                "instanceId": "b5cdf2cc-bca8-7479-6a17-3181c510f04c",
                "pluginId": "bookmark-plugin",
                "widgetId": "bookmark",
                "width": 2,
                "x": 2,
                "y": 2
            },
            {
                "configutation": {
                    "checkStatus": false,
                    "icon": "fluent:code-24-filled",
                    "openInNewTab": true,
                    "title": "运维服务",
                    "url": "1"
                },
                "height": 1,
                "instanceId": "ca60e636-96db-0f33-e501-27159e40a782",
                "pluginId": "bookmark-plugin",
                "widgetId": "bookmark",
                "width": 2,
                "x": 2,
                "y": 3
            },
            {
                "configutation": {
                    "checkStatus": false,
                    "icon": "fluent:code-24-filled",
                    "openInNewTab": true,
                    "title": "测试服务",
                    "url": "1"
                },
                "height": 1,
                "instanceId": "c16d66b7-b3a9-5ea8-46bb-75a3454cea0b",
                "pluginId": "bookmark-plugin",
                "widgetId": "bookmark",
                "width": 2,
                "x": 6,
                "y": 2
            },
            {
                "configutation": {
                    "checkStatus": false,
                    "icon": "fluent:code-24-filled",
                    "openInNewTab": true,
                    "title": "学习服务",
                    "url": "1"
                },
                "height": 1,
                "instanceId": "daef9158-37c3-5de1-c859-c0899f57804d",
                "pluginId": "bookmark-plugin",
                "widgetId": "bookmark",
                "width": 2,
                "x": 6,
                "y": 3
            },
            {
                "configutation": {
                    "checkStatus": false,
                    "icon": "fluent:code-24-filled",
                    "openInNewTab": true,
                    "title": "亚马云",
                    "url": "https://aws.amazon.com/cn/pricing/?nc2=h_ql_pr_ln&aws-products-pricing.sort-by=item.additionalFields.productNameLowercase&aws-products-pricing.sort-order=asc&awsf.Free%20Tier%20Type=*all&awsf.tech-category=*all"
                },
                "height": 1,
                "instanceId": "cbf2c213-a36a-7897-b036-cc01a6990299",
                "pluginId": "bookmark-plugin",
                "widgetId": "bookmark",
                "width": 2,
                "x": 6,
                "y": 1
            }
        ]
    },
    "Folder.ca9b9f79-0343-591c-57b5-e44ad053e8f1": {
        "widgets": [
            {
                "configutation": {
                    "checkStatus": false,
                    "icon": "ion:android-hangout",
                    "openInNewTab": true,
                    "title": "ChatGPT",
                    "url": "https://chatgpt.com/"
                },
                "height": 1,
                "instanceId": "80c2a7ab-912e-7c74-7ad1-a2f5435f9526",
                "pluginId": "bookmark-plugin",
                "widgetId": "bookmark",
                "width": 1,
                "x": 0,
                "y": 0
            },
            {
                "configutation": {
                    "checkStatus": false,
                    "icon": "ion:android-hangout",
                    "openInNewTab": true,
                    "title": "Doubao",
                    "url": "https://www.doubao.com/chat/"
                },
                "height": 1,
                "instanceId": "c20bd42d-e38f-994e-95b5-c55d29b25bf9",
                "pluginId": "bookmark-plugin",
                "widgetId": "bookmark",
                "width": 1,
                "x": 1,
                "y": 0
            },
            {
                "configutation": {
                    "checkStatus": false,
                    "icon": "ion:android-hangout",
                    "openInNewTab": true,
                    "title": "Grok",
                    "url": "https://x.com/i/grok?focus=1"
                },
                "height": 1,
                "instanceId": "8e4aa6a8-7c2d-a4e9-5ddd-5020ee2326e9",
                "pluginId": "bookmark-plugin",
                "widgetId": "bookmark",
                "width": 1,
                "x": 2,
                "y": 0
            },
            {
                "configutation": {
                    "checkStatus": false,
                    "icon": "ion:android-hangout",
                    "openInNewTab": true,
                    "title": "Dukai",
                    "url": "https://duckduckgo.com/?q=DuckDuckGo+AI+Chat&ia=chat&duckai=1&atb=v456-1"
                },
                "height": 1,
                "instanceId": "3015ed96-5d83-4bf0-c277-ef2f66b9e40d",
                "pluginId": "bookmark-plugin",
                "widgetId": "bookmark",
                "width": 1,
                "x": 3,
                "y": 0
            },
            {
                "configutation": {
                    "checkStatus": false,
                    "icon": "ion:android-hangout",
                    "openInNewTab": true,
                    "title": "Kimi",
                    "url": "https://kimi.moonshot.cn/"
                },
                "height": 1,
                "instanceId": "f0182824-e7e2-c99f-5c23-8c48e9cf9f9f",
                "pluginId": "bookmark-plugin",
                "widgetId": "bookmark",
                "width": 1,
                "x": 5,
                "y": 0
            },
            {
                "configutation": {
                    "checkStatus": false,
                    "icon": "ion:android-hangout",
                    "openInNewTab": true,
                    "title": "Deepseek",
                    "url": "https://chat.deepseek.com/"
                },
                "height": 1,
                "instanceId": "f6ef1558-b42c-cd4c-5522-f54b4195f7cf",
                "pluginId": "bookmark-plugin",
                "widgetId": "bookmark",
                "width": 1,
                "x": 6,
                "y": 0
            },
            {
                "configutation": {
                    "checkStatus": false,
                    "icon": "ion:android-hangout",
                    "openInNewTab": true,
                    "title": "TianGong",
                    "url": "https://www.tiangong.cn/"
                },
                "height": 1,
                "instanceId": "686d01ec-8d7d-d50f-bb04-e4cefb0a7c31",
                "pluginId": "bookmark-plugin",
                "widgetId": "bookmark",
                "width": 1,
                "x": 7,
                "y": 0
            },
            {
                "configutation": {
                    "checkStatus": false,
                    "icon": "ion:android-hangout",
                    "openInNewTab": true,
                    "title": "Xfyun",
                    "url": "https://xinghuo.xfyun.cn/desk"
                },
                "height": 1,
                "instanceId": "5ed5bb7a-332a-ecb0-b827-1cda4e4088fc",
                "pluginId": "bookmark-plugin",
                "widgetId": "bookmark",
                "width": 1,
                "x": 9,
                "y": 0
            },
            {
                "configutation": {
                    "checkStatus": false,
                    "icon": "ion:android-hangout",
                    "openInNewTab": true,
                    "title": "QianWen",
                    "url": "https://tongyi.aliyun.com/qianwen/"
                },
                "height": 1,
                "instanceId": "6df69b2b-7525-ce10-11bf-f83f2a6f2db2",
                "pluginId": "bookmark-plugin",
                "widgetId": "bookmark",
                "width": 1,
                "x": 8,
                "y": 0
            },
            {
                "configutation": {
                    "checkStatus": false,
                    "icon": "ion:android-hangout",
                    "openInNewTab": true,
                    "title": "Gemini",
                    "url": "https://gemini.google.com/"
                },
                "height": 1,
                "instanceId": "fe9702ec-29a3-5e84-faf3-c08366cbe9ec",
                "pluginId": "bookmark-plugin",
                "widgetId": "bookmark",
                "width": 1,
                "x": 4,
                "y": 0
            },
            {
                "configutation": {
                    "checkStatus": false,
                    "icon": "ion:search",
                    "openInNewTab": true,
                    "title": "萌娘百科",
                    "url": "https://mzh.moegirl.org.cn/Mainpage"
                },
                "height": 1,
                "instanceId": "cff30451-07ca-a7dc-b09c-e50c361dfbc8",
                "pluginId": "bookmark-plugin",
                "widgetId": "bookmark",
                "width": 1,
                "x": 5,
                "y": 1
            },
            {
                "configutation": {
                    "checkStatus": false,
                    "icon": "ion:search",
                    "openInNewTab": true,
                    "title": "谷歌搜索",
                    "url": "https://www.google.com.hk/"
                },
                "height": 1,
                "instanceId": "41fb51bb-f569-d452-5962-cefe7ed181ad",
                "pluginId": "bookmark-plugin",
                "widgetId": "bookmark",
                "width": 1,
                "x": 0,
                "y": 1
            },
            {
                "configutation": {
                    "checkStatus": false,
                    "icon": "ion:search",
                    "openInNewTab": true,
                    "title": "鸭子搜索",
                    "url": "https://duckduckgo.com/"
                },
                "height": 1,
                "instanceId": "065bc591-b9bf-667e-50e9-f90b94f6e8fd",
                "pluginId": "bookmark-plugin",
                "widgetId": "bookmark",
                "width": 1,
                "x": 4,
                "y": 1
            },
            {
                "configutation": {
                    "checkStatus": false,
                    "icon": "ion:search",
                    "openInNewTab": true,
                    "title": "谷歌图片",
                    "url": "https://images.google.com.hk/"
                },
                "height": 1,
                "instanceId": "5c26531a-cb0f-b669-7a4d-3833a35d70e4",
                "pluginId": "bookmark-plugin",
                "widgetId": "bookmark",
                "width": 1,
                "x": 2,
                "y": 1
            },
            {
                "configutation": {
                    "checkStatus": false,
                    "icon": "ion:search",
                    "openInNewTab": true,
                    "title": "谷歌高级",
                    "url": "https://www.google.com.hk/advanced_search"
                },
                "height": 1,
                "instanceId": "06f639e4-4550-9425-2c53-b85d52ecef3d",
                "pluginId": "bookmark-plugin",
                "widgetId": "bookmark",
                "width": 1,
                "x": 1,
                "y": 1
            },
            {
                "configutation": {
                    "checkStatus": false,
                    "icon": "ion:search",
                    "openInNewTab": true,
                    "title": "维基百科",
                    "url": "https://zh.wikipedia.org/wiki/Wikipedia:%E9%A6%96%E9%A1%B5"
                },
                "height": 1,
                "instanceId": "0b72f3ad-6e3b-283e-7851-34983c752091",
                "pluginId": "bookmark-plugin",
                "widgetId": "bookmark",
                "width": 1,
                "x": 6,
                "y": 1
            },
            {
                "configutation": {
                    "checkStatus": false,
                    "icon": "ion:search",
                    "openInNewTab": true,
                    "title": "必应搜索",
                    "url": "https://cn.bing.com/"
                },
                "height": 1,
                "instanceId": "112b259c-b4f8-0ab7-1237-24abb730f3fe",
                "pluginId": "bookmark-plugin",
                "widgetId": "bookmark",
                "width": 1,
                "x": 3,
                "y": 1
            },
            {
                "configutation": {
                    "checkStatus": false,
                    "icon": "ion:albums-sharp",
                    "openInNewTab": true,
                    "title": "StackOverflow",
                    "url": "https://stackoverflow.com/"
                },
                "height": 1,
                "instanceId": "d9db469c-058c-c4c4-e985-94fb0dd1c72f",
                "pluginId": "bookmark-plugin",
                "widgetId": "bookmark",
                "width": 1,
                "x": 1,
                "y": 2
            },
            {
                "configutation": {
                    "checkStatus": false,
                    "icon": "ion:albums-sharp",
                    "openInNewTab": true,
                    "title": "知乎",
                    "url": "https://www.zhihu.com/hot"
                },
                "height": 1,
                "instanceId": "296e7fb1-6258-f227-e6b9-16ba90062fe9",
                "pluginId": "bookmark-plugin",
                "widgetId": "bookmark",
                "width": 1,
                "x": 0,
                "y": 3
            },
            {
                "configutation": {
                    "checkStatus": false,
                    "icon": "ion:albums-sharp",
                    "openInNewTab": true,
                    "title": "哔哩哔哩",
                    "url": "https://www.bilibili.com/"
                },
                "height": 1,
                "instanceId": "ae175a5d-b95f-527b-c0c9-bc762f5c9c97",
                "pluginId": "bookmark-plugin",
                "widgetId": "bookmark",
                "width": 1,
                "x": 1,
                "y": 3
            },
            {
                "configutation": {
                    "checkStatus": false,
                    "icon": "ion:albums-sharp",
                    "openInNewTab": true,
                    "title": "Youtube",
                    "url": "https://www.youtube.com/"
                },
                "height": 1,
                "instanceId": "725cc4e6-4684-b32e-3f1d-76347942020c",
                "pluginId": "bookmark-plugin",
                "widgetId": "bookmark",
                "width": 1,
                "x": 0,
                "y": 2
            },
            {
                "configutation": {
                    "checkStatus": false,
                    "icon": "ion:albums-sharp",
                    "openInNewTab": true,
                    "title": "X",
                    "url": "https://x.com/home"
                },
                "height": 1,
                "instanceId": "f3c36aa8-63b6-a494-1d9d-58dcfb03657d",
                "pluginId": "bookmark-plugin",
                "widgetId": "bookmark",
                "width": 1,
                "x": 2,
                "y": 2
            },
            {
                "configutation": {
                    "checkStatus": false,
                    "icon": "ion:albums-sharp",
                    "openInNewTab": true,
                    "title": "小红书",
                    "url": "https://www.xiaohongshu.com/explore"
                },
                "height": 1,
                "instanceId": "76636dac-5ab8-d83b-9aa6-bc11e325b5ee",
                "pluginId": "bookmark-plugin",
                "widgetId": "bookmark",
                "width": 1,
                "x": 2,
                "y": 3
            },
            {
                "configutation": {
                    "checkStatus": false,
                    "icon": "ion:albums-sharp",
                    "openInNewTab": true,
                    "title": "编程导航",
                    "url": "https://www.codefather.cn/"
                },
                "height": 1,
                "instanceId": "f1133423-156a-4247-b123-9c6715f27ff9",
                "pluginId": "bookmark-plugin",
                "widgetId": "bookmark",
                "width": 1,
                "x": 3,
                "y": 3
            },
            {
                "configutation": {
                    "checkStatus": false,
                    "icon": "ion:albums-sharp",
                    "openInNewTab": true,
                    "title": "码云",
                    "url": "https://gitee.com/"
                },
                "height": 1,
                "instanceId": "01a1f8b7-652a-1ab4-28ea-74bf8ccc63f1",
                "pluginId": "bookmark-plugin",
                "widgetId": "bookmark",
                "width": 1,
                "x": 4,
                "y": 3
            },
            {
                "configutation": {
                    "checkStatus": false,
                    "icon": "ion:albums-sharp",
                    "openInNewTab": true,
                    "title": "GitHub",
                    "url": "https://github.com/"
                },
                "height": 1,
                "instanceId": "8d140276-6778-451c-44bc-e746b0127fb8",
                "pluginId": "bookmark-plugin",
                "widgetId": "bookmark",
                "width": 1,
                "x": 3,
                "y": 2
            },
            {
                "configutation": {
                    "checkStatus": false,
                    "icon": "ion:albums-sharp",
                    "openInNewTab": true,
                    "title": "OpenSox",
                    "url": "https://www.opensox.in/dashboard/home"
                },
                "height": 1,
                "instanceId": "42bdf1fb-a1c3-7e86-69c3-e230c4f5ca00",
                "pluginId": "bookmark-plugin",
                "widgetId": "bookmark",
                "width": 1,
                "x": 5,
                "y": 2
            },
            {
                "configutation": {
                    "checkStatus": false,
                    "icon": "ion:albums-sharp",
                    "openInNewTab": true,
                    "title": "GitLab",
                    "url": "https://gitlab.cn/"
                },
                "height": 1,
                "instanceId": "de7095a4-94ee-e708-ad89-dc057bdfc09c",
                "pluginId": "bookmark-plugin",
                "widgetId": "bookmark",
                "width": 1,
                "x": 4,
                "y": 2
            },
            {
                "configutation": {
                    "checkStatus": false,
                    "icon": "ion:albums-sharp",
                    "openInNewTab": true,
                    "title": "Producthunt",
                    "url": "https://www.producthunt.com/"
                },
                "height": 1,
                "instanceId": "1d7d3d80-d41e-0158-466f-82f689f31552",
                "pluginId": "bookmark-plugin",
                "widgetId": "bookmark",
                "width": 1,
                "x": 6,
                "y": 2
            },
            {
                "configutation": {
                    "checkStatus": false,
                    "icon": "ion:albums-sharp",
                    "openInNewTab": true,
                    "title": "Twitch",
                    "url": "https://www.twitch.tv/"
                },
                "height": 1,
                "instanceId": "de8d134d-77ad-5408-6eac-c70394bc8cdd",
                "pluginId": "bookmark-plugin",
                "widgetId": "bookmark",
                "width": 1,
                "x": 7,
                "y": 2
            },
            {
                "configutation": {
                    "checkStatus": false,
                    "icon": "ion:albums-sharp",
                    "openInNewTab": true,
                    "title": "FaceBook",
                    "url": "https://www.facebook.com"
                },
                "height": 1,
                "instanceId": "bbaf645b-c06c-bf25-cc44-22f929510ec3",
                "pluginId": "bookmark-plugin",
                "widgetId": "bookmark",
                "width": 1,
                "x": 8,
                "y": 2
            },
            {
                "configutation": {
                    "checkStatus": false,
                    "icon": "ion:dice",
                    "openInNewTab": true,
                    "title": "百度搜索",
                    "url": "https://www.baidu.com"
                },
                "height": 1,
                "instanceId": "f3381702-d843-a5b2-c779-07222dfa0f73",
                "pluginId": "bookmark-plugin",
                "widgetId": "bookmark",
                "width": 1,
                "x": 7,
                "y": 1
            }
        ]
    },
    "Folder.ce0edc47-2a67-e6df-4fee-f62b60e64e6d": {
        "widgets": [
            {
                "configutation": {
                    "checkStatus": false,
                    "icon": "ion:dice",
                    "openInNewTab": true,
                    "title": "知乎",
                    "url": "https://www.zhihu.com/hot"
                },
                "height": 1,
                "instanceId": "d55a7bdb-cd97-9511-4db2-b6e21bcb60e4",
                "pluginId": "bookmark-plugin",
                "widgetId": "bookmark",
                "width": 2,
                "x": 2,
                "y": 3
            },
            {
                "configutation": {
                    "checkStatus": false,
                    "icon": "ion:dice",
                    "openInNewTab": true,
                    "title": "微博",
                    "url": "https://m.weibo.cn/p/index?containerid=106003type%3D25%26t%3D3%26disable_hot%3D1%26filter_type%3Drealtimehot&title=%E5%BE%AE%E5%8D%9A%E7%83%AD%E6%90%9C&show_cache_when_error=1&extparam=seat%3D1%26dgr%3D0%26mi_cid%3D100103%26pos%3D0_0%26c_type%3D30%26lcate%3D1001%26region_relas_conf%3D0%26filter_type%3Drealtimehot%26cate%3D10103%26display_time%3D1736259089%26pre_seqid%3D1736259089825028070218"
                },
                "height": 1,
                "instanceId": "286aef62-b342-1eaa-ce5e-9738fd39d9ee",
                "pluginId": "bookmark-plugin",
                "widgetId": "bookmark",
                "width": 2,
                "x": 4,
                "y": 3
            },
            {
                "configutation": {
                    "checkStatus": false,
                    "icon": "ion:dice",
                    "openInNewTab": true,
                    "title": "黑客新闻",
                    "url": "https://news.ycombinator.com/"
                },
                "height": 1,
                "instanceId": "7a5ba480-980b-30e6-8dca-2930a5cd22c1",
                "pluginId": "bookmark-plugin",
                "widgetId": "bookmark",
                "width": 2,
                "x": 0,
                "y": 0
            },
            {
                "configutation": {
                    "checkStatus": false,
                    "icon": "ion:dice",
                    "openInNewTab": true,
                    "title": "乌鸦社区",
                    "url": "https://wyz.xyz/"
                },
                "height": 1,
                "instanceId": "317a27f0-b58e-e6fa-d1fc-28b12809a4be",
                "pluginId": "bookmark-plugin",
                "widgetId": "bookmark",
                "width": 2,
                "x": 4,
                "y": 2
            },
            {
                "configutation": {
                    "checkStatus": false,
                    "icon": "ion:dice",
                    "openInNewTab": true,
                    "title": "OpenSUSE",
                    "url": "https://forum.suse.org.cn/"
                },
                "height": 1,
                "instanceId": "6f12a046-91b7-8bee-6741-17d14a39cd1d",
                "pluginId": "bookmark-plugin",
                "widgetId": "bookmark",
                "width": 2,
                "x": 2,
                "y": 1
            },
            {
                "configutation": {
                    "checkStatus": false,
                    "icon": "ion:dice",
                    "openInNewTab": true,
                    "title": "果核剥壳",
                    "url": "https://www.ghxi.com/"
                },
                "height": 1,
                "instanceId": "e8691346-814b-3d2a-6dfe-6fa291fae620",
                "pluginId": "bookmark-plugin",
                "widgetId": "bookmark",
                "width": 2,
                "x": 8,
                "y": 2
            },
            {
                "configutation": {
                    "checkStatus": false,
                    "icon": "ion:dice",
                    "openInNewTab": true,
                    "title": "Datawhale",
                    "url": "https://www.datawhale.cn/article"
                },
                "height": 1,
                "instanceId": "61019fef-4703-0688-ca77-24bd1d929591",
                "pluginId": "bookmark-plugin",
                "widgetId": "bookmark",
                "width": 2,
                "x": 4,
                "y": 0
            },
            {
                "configutation": {
                    "checkStatus": false,
                    "icon": "ion:dice",
                    "openInNewTab": true,
                    "title": "Linux Console",
                    "url": "https://cn.linux-console.net/"
                },
                "height": 1,
                "instanceId": "ac3065a7-c27f-6c9d-468f-a3f91766711c",
                "pluginId": "bookmark-plugin",
                "widgetId": "bookmark",
                "width": 2,
                "x": 6,
                "y": 2
            },
            {
                "configutation": {
                    "checkStatus": false,
                    "icon": "ion:dice",
                    "openInNewTab": true,
                    "title": "Linux 中国",
                    "url": "https://linux.cn/"
                },
                "height": 1,
                "instanceId": "98d8865c-6595-1f99-4fdd-f675ee2d7568",
                "pluginId": "bookmark-plugin",
                "widgetId": "bookmark",
                "width": 2,
                "x": 6,
                "y": 1
            },
            {
                "configutation": {
                    "checkStatus": false,
                    "icon": "ion:dice",
                    "openInNewTab": true,
                    "title": "V2ex",
                    "url": "https://v2ex.com/"
                },
                "height": 1,
                "instanceId": "adfe1810-9a93-c0d5-865c-ecb38b422fd4",
                "pluginId": "bookmark-plugin",
                "widgetId": "bookmark",
                "width": 2,
                "x": 8,
                "y": 1
            },
            {
                "configutation": {
                    "checkStatus": false,
                    "icon": "ion:dice",
                    "openInNewTab": true,
                    "title": "极客湾",
                    "url": "https://www.infoq.cn/"
                },
                "height": 1,
                "instanceId": "aa616eb7-f9d5-773b-8f7f-8a07a6f16bdb",
                "pluginId": "bookmark-plugin",
                "widgetId": "bookmark",
                "width": 2,
                "x": 0,
                "y": 3
            },
            {
                "configutation": {
                    "checkStatus": false,
                    "icon": "ion:dice",
                    "openInNewTab": true,
                    "title": "思否",
                    "url": "https://segmentfault.com/"
                },
                "height": 1,
                "instanceId": "9c070dce-f910-8b4a-3a04-88705fbd5510",
                "pluginId": "bookmark-plugin",
                "widgetId": "bookmark",
                "width": 2,
                "x": 6,
                "y": 0
            },
            {
                "configutation": {
                    "checkStatus": false,
                    "icon": "ion:dice",
                    "openInNewTab": true,
                    "title": "小众软件",
                    "url": "https://meta.appinn.net/"
                },
                "height": 1,
                "instanceId": "5885a52c-d467-cc23-4eef-0f5f44de1a00",
                "pluginId": "bookmark-plugin",
                "widgetId": "bookmark",
                "width": 2,
                "x": 8,
                "y": 0
            },
            {
                "configutation": {
                    "checkStatus": false,
                    "icon": "ion:dice",
                    "openInNewTab": true,
                    "title": "Medium",
                    "url": "https://medium.com/"
                },
                "height": 1,
                "instanceId": "5cffc9ba-3e30-f3ba-b00b-b88334731267",
                "pluginId": "bookmark-plugin",
                "widgetId": "bookmark",
                "width": 2,
                "x": 0,
                "y": 1
            },
            {
                "configutation": {
                    "checkStatus": false,
                    "icon": "ion:dice",
                    "openInNewTab": true,
                    "title": "StackOverFlow",
                    "url": "https://stackoverflow.com/"
                },
                "height": 1,
                "instanceId": "fcf1ef7c-1455-b699-8a51-c314aa180e25",
                "pluginId": "bookmark-plugin",
                "widgetId": "bookmark",
                "width": 2,
                "x": 2,
                "y": 0
            },
            {
                "configutation": {
                    "checkStatus": false,
                    "icon": "ion:dice",
                    "openInNewTab": true,
                    "title": "X",
                    "url": "https://x.com/home"
                },
                "height": 1,
                "instanceId": "2d526a37-4364-6679-22bf-ffd651b83e15",
                "pluginId": "bookmark-plugin",
                "widgetId": "bookmark",
                "width": 2,
                "x": 2,
                "y": 2
            },
            {
                "configutation": {
                    "checkStatus": false,
                    "icon": "ion:dice",
                    "openInNewTab": true,
                    "title": "Dzone",
                    "url": "https://dzone.com/"
                },
                "height": 1,
                "instanceId": "eb23c7d2-2969-9b27-0aeb-898cc7021d10",
                "pluginId": "bookmark-plugin",
                "widgetId": "bookmark",
                "width": 2,
                "x": 4,
                "y": 1
            },
            {
                "configutation": {
                    "checkStatus": false,
                    "icon": "ion:dice",
                    "openInNewTab": true,
                    "title": "Daniweb",
                    "url": "https://www.daniweb.com/"
                },
                "height": 1,
                "instanceId": "2fbff4ca-fb4c-e0db-d7bd-04ac0f3ec2f2",
                "pluginId": "bookmark-plugin",
                "widgetId": "bookmark",
                "width": 2,
                "x": 0,
                "y": 2
            },
            {
                "configutation": {
                    "checkStatus": false,
                    "icon": "ion:dice",
                    "openInNewTab": true,
                    "title": "Medium",
                    "url": "https://medium.com/"
                },
                "height": 1,
                "instanceId": "a4cc7e5f-cbc4-af42-29ec-0359140d27de",
                "pluginId": "bookmark-plugin",
                "widgetId": "bookmark",
                "width": 2,
                "x": 6,
                "y": 3
            },
            {
                "configutation": {
                    "checkStatus": false,
                    "icon": "ion:dice",
                    "openInNewTab": true,
                    "title": "Dev",
                    "url": "https://dev.to/"
                },
                "height": 1,
                "instanceId": "324ca57a-b08a-cae3-0cbb-13e4027847c7",
                "pluginId": "bookmark-plugin",
                "widgetId": "bookmark",
                "width": 2,
                "x": 8,
                "y": 3
            }
        ]
    },
    "Folder.home": {
        "widgets": [
            {
                "configutation": {
                    "defaultProvider": "google"
                },
                "height": 1,
                "instanceId": "6e99c05d-674b-a5f4-28b4-94b63b5a8d55",
                "pluginId": "search-plugin",
                "widgetId": "search-widget",
                "width": 4,
                "x": 0,
                "y": 0
            },
            {
                "configutation": {
                    "title": "长期任务列表"
                },
                "height": 3,
                "instanceId": "220307fc-1c61-2928-25d7-eef883f0018a",
                "pluginId": "tasks-plugin",
                "widgetId": "tasks-widget",
                "width": 2,
                "x": 2,
                "y": 1
            },
            {
                "configutation": {},
                "height": 3,
                "instanceId": "88930e12-3c2a-b594-7d3d-cc22ad875ff8",
                "pluginId": "notes-plugin",
                "widgetId": "notes-widget",
                "width": 2,
                "x": 0,
                "y": 1
            },
            {
                "configutation": {
                    "location": {
                        "country": "China",
                        "id": 1814991,
                        "latitude": 35,
                        "longitude": 105,
                        "name": "China"
                    },
                    "speedUnit": "m/s",
                    "temperatureUnit": "c"
                },
                "height": 1,
                "instanceId": "ce289430-12b6-fc4a-a8e6-ce6322ca671f",
                "pluginId": "weather-plugin",
                "widgetId": "weather-current",
                "width": 2,
                "x": 8,
                "y": 0
            },
            {
                "configutation": {},
                "height": 1,
                "instanceId": "3b72768a-daa2-fd52-25ac-6b891b801b91",
                "pluginId": "system-status-plugin",
                "widgetId": "cpu-load-status",
                "width": 1,
                "x": 4,
                "y": 0
            },
            {
                "configutation": {},
                "height": 1,
                "instanceId": "f0c5f5a5-a6a8-0dc1-cc29-2e0f15a96918",
                "pluginId": "system-status-plugin",
                "widgetId": "ram-load-status",
                "width": 1,
                "x": 5,
                "y": 0
            },
            {
                "configutation": {},
                "height": 2,
                "instanceId": "7fd80fe3-50a8-218a-493d-6f2c7fa87893",
                "pluginId": "recently-closed-plugin",
                "widgetId": "recently-closed-widget",
                "width": 2,
                "x": 8,
                "y": 1
            },
            {
                "configutation": {
                    "dateFormat": "Do MMMM Y",
                    "timeFormat": "HH:mm:ss",
                    "title": "日期",
                    "tz": "Asia/Shanghai"
                },
                "height": 2,
                "instanceId": "56248e70-b254-6000-9e4b-d2b8a6e83215",
                "pluginId": "datetime-plugin",
                "widgetId": "datetime-widget-m",
                "width": 2,
                "x": 6,
                "y": 2
            },
            {
                "configutation": {
                    "firstDay": 0
                },
                "height": 2,
                "instanceId": "d260115a-30fd-1360-6bbc-2fd82a29c250",
                "pluginId": "calendar-plugin",
                "widgetId": "calendar-m",
                "width": 2,
                "x": 6,
                "y": 0
            },
            {
                "configutation": {},
                "height": 1,
                "instanceId": "225b1fc8-15d3-a06e-8781-f83f60b183cd",
                "pluginId": "math-plugin",
                "widgetId": "calc-widget-expandable",
                "width": 1,
                "x": 5,
                "y": 1
            },
            {
                "configutation": {
                    "description": "轻天赐\n重人为\n皆为汝\n思否罢",
                    "title": ""
                },
                "height": 1,
                "instanceId": "75c3b89b-29bd-4a12-93f6-de47b60a343f",
                "pluginId": "label-plugin",
                "widgetId": "widget",
                "width": 1,
                "x": 4,
                "y": 1
            },
            {
                "configutation": {
                    "title": "临时任务列表"
                },
                "height": 2,
                "instanceId": "d2b1b7cf-6e01-d893-16c0-0bc646fdc76d",
                "pluginId": "tasks-plugin",
                "widgetId": "tasks-widget",
                "width": 2,
                "x": 4,
                "y": 2
            },
            {
                "configutation": {
                    "icon": "ion:bookmarks-outline",
                    "openInTabGroup": true,
                    "title": "一键阅读",
                    "urls": [
                        "https://news.ycombinator.com/",
                        "https://stackoverflow.com/",
                        "https://www.datawhale.cn/article",
                        "https://medium.com/",
                        "https://forum.suse.org.cn/",
                        "https://dzone.com/",
                        "https://www.daniweb.com/",
                        "https://x.com/home",
                        "https://wyz.xyz/",
                        "https://www.infoq.cn/",
                        "https://www.zhihu.com/hot",
                        "https://m.weibo.cn/p/index?containerid=106003type%3D25%26t%3D3%26disable_hot%3D1%26filter_type%3Drealtimehot&title=%E5%BE%AE%E5%8D%9A%E7%83%AD%E6%90%9C&show_cache_when_error=1&extparam=seat%3D1%26dgr%3D0%26mi_cid%3D100103%26pos%3D0_0%26c_type%3D30%26lcate%3D1001%26region_relas_conf%3D0%26filter_type%3Drealtimehot%26cate%3D10103%26display_time%3D1736259089%26pre_seqid%3D1736259089825028070218"
                    ]
                },
                "height": 1,
                "instanceId": "d29f3ebb-dd90-bdc8-e347-cdc4677e719a",
                "pluginId": "bookmark-plugin",
                "widgetId": "bookmark-group",
                "width": 2,
                "x": 8,
                "y": 3
            }
        ]
    },
    "WidgetStorage.220307fc-1c61-2928-25d7-eef883f0018a": {
        "tasks": [
            {
                "id": "bf1c56d7-eb2e-d60d-07c7-1409ca41a93d",
                "text": "高等数学的重新学习"
            },
            {
                "id": "897dfca9-c4b5-9120-ddb7-84b4b7cd3415",
                "text": "线性代数的重新学习"
            },
            {
                "id": "6e681332-8aa6-eba8-44b0-b38b79c24084",
                "text": "飞书文件的资料整理"
            },
            {
                "id": "ef8a1438-36df-f1e8-fa50-d3ec42239d24",
                "text": "工作室文档平台项目-规范文档网站"
            },
            {
                "id": "fb373baa-6cf1-584b-7629-62dba99492dd",
                "text": "工作室文档平台项目-整理耗书路线"
            },
            {
                "id": "06f1da52-dfdf-d339-2892-396e1090b39d",
                "text": "工作室文档平台项目-整理浏览标签"
            },
            {
                "id": "e823adea-3c2a-5daa-d02c-db4baf74c5eb",
                "text": "工作室文档平台项目-整理浏览主页"
            },
            {
                "id": "cce76d20-b18d-9a09-0c69-30ea9444c371",
                "text": "工作室文档平台项目-整理浏览插件"
            },
            {
                "id": "b0dd91d0-f00c-86f8-bdc4-3d3fcd1b3b4b",
                "text": "工作室文档平台项目-整理浏览习惯"
            },
            {
                "id": "c306f2b6-5abc-db62-4aeb-c38f57a9cb26",
                "text": "工作室文档平台项目-整理迁移笔记"
            },
            {
                "id": "c2e50367-5401-ee6c-f522-ef177dd547d2",
                "text": "工作室成员任务分发"
            },
            {
                "id": "64a4b271-1ac6-ac58-4955-6202fbcaee8f",
                "text": "工作室智能面试系统"
            },
            {
                "id": "28478ed1-a583-d241-8a7b-aa8d869649e3",
                "text": "编写远端自动化脚本"
            },
            {
                "id": "77b6ebba-3bdb-6b66-375a-93ab4f3881ff",
                "text": "创建工作室测试机器"
            },
            {
                "id": "2df4b935-909a-c1a2-308e-0c3da1e5b7b9",
                "text": "购买集群文章并查看"
            }
        ]
    },
    "WidgetStorage.88930e12-3c2a-b594-7d3d-cc22ad875ff8": {
        "body": "## 1.阅读推荐文章\n阅读本主页推荐的一些文章，能了解前沿技术、热门工具...\n## 2.编写当天任务\n根据总体要求进行任务规划...\n## 3.完成所有要求\n高效完成所有要求，找足够安静空间中，作出足够的专注...\n## 4.总结博客博文\n对一天所学编写博客博文，不要求一天一篇，而要求足够详细和体系化...\n## 5.足够适量运动\n适量的运动也是必须的！\n\n",
        "title": "每天都要做一些事~"
    },
    "WidgetStorage.ce289430-12b6-fc4a-a8e6-ce6322ca671f": {
        "weather": {
            "lastUpdated": 1736302443769,
            "temperature": -8.1,
            "weatherCode": 3,
            "windDirection": 349,
            "windSpeed": 3.7
        }
    },
    "analyticsEnabled": true,
    "autoHideSidebar": false,
    "automaticCompactModeThreshold": 1000,
    "customThemes": [
        {
            "blur": 5,
            "colors": {
                "accent": {
                    "alpha": 1,
                    "hue": 0.8555555555555555,
                    "lightness": 0.43,
                    "saturation": 0.41
                },
                "background": {
                    "alpha": 1,
                    "hue": 0.6944444444444444,
                    "lightness": 0.23,
                    "saturation": 0.25
                },
                "text": {
                    "alpha": 1,
                    "hue": 0,
                    "lightness": 1,
                    "saturation": 0
                }
            },
            "name": "ecd9367e-b7d0-2fff-157e-21cc9bc27cf2",
            "type": "custom"
        }
    ],
    "finishedOnboarding": true,
    "folders": [
        {
            "icon": "ion:finger-print-sharp",
            "id": "ca9b9f79-0343-591c-57b5-e44ad053e8f1",
            "name": "资料搜索"
        },
        {
            "icon": "ion:ios-bookmarks",
            "id": "ce0edc47-2a67-e6df-4fee-f62b60e64e6d",
            "name": "推荐阅读"
        },
        {
            "icon": "ion:settings-sharp",
            "id": "467ac6ea-1e09-13e4-2891-934973ae69db",
            "name": "运维管理"
        }
    ],
    "hasUnreadReleaseNotes": false,
    "hideEditFolderButton": false,
    "language": "zh-CN",
    "lastFolder": "ce0edc47-2a67-e6df-4fee-f62b60e64e6d",
    "newTabTitle": "limou",
    "rememberLastFolder": true,
    "showBookmarksBar": true,
    "showLoadAnimation": true,
    "stealFocus": false,
    "storageVersion": 2,
    "theme": "ecd9367e-b7d0-2fff-157e-21cc9bc27cf2",
    "userId": "8adca98e-3388-7bee-d122-2f4399697afe"
}